Episode;Step;Action;Action type;Reward
0;1;7;Model;27
0;2;6;Model;25
0;3;9;Random;27
0;4;6;Model;25
0;5;7;Model;29
0;6;8;Random;25
0;7;0;Random;26
0;8;1;Model;25
0;9;5;Random;17
0;10;1;Random;16
0;11;0;Random;17
0;12;6;Model;14
0;13;1;Model;19
0;14;3;Random;17
0;15;1;Model;16
0;16;6;Model;19
0;17;1;Model;19
0;18;7;Model;17
0;19;8;Random;19
0;20;7;Model;17
0;21;1;Model;16
0;22;7;Model;15
0;23;1;Model;14
0;24;5;Random;7
0;25;2;Random;9
0;26;6;Model;9
0;27;6;Model;6
0;28;8;Model;8
0;29;1;Model;9
0;30;6;Model;8
0;31;1;Model;8
0;32;1;Random;7
0;33;7;Random;9
0;34;1;Model;8
0;35;4;Random;18
0;36;7;Model;21
0;37;6;Model;21
0;38;1;Model;20
0;39;1;Model;18
0;40;6;Model;18
0;41;7;Model;21
0;42;1;Random;20
0;43;5;Random;9
0;44;1;Model;8
0;45;0;Random;9
0;46;1;Random;8
0;47;7;Model;9
0;48;1;Model;7
0;49;6;Model;9
0;50;1;Model;8
0;51;6;Model;8
0;52;6;Random;8
0;53;1;Model;7
0;54;6;Model;7
0;55;3;Random;8
0;56;6;Random;5
0;57;0;Random;5
0;58;1;Random;5
0;59;4;Random;21
0;60;1;Model;18
0;61;2;Random;15
0;62;1;Model;12
0;63;4;Random;27
0;64;2;Random;24
0;65;8;Random;22
0;66;6;Model;22
0;67;1;Random;21
0;68;1;Random;16
0;69;7;Model;22
0;70;8;Random;16
0;71;3;Random;18
0;72;0;Random;22
0;73;0;Random;23
0;74;6;Model;25
0;75;9;Random;23
0;76;1;Random;22
0;77;6;Model;22
0;78;7;Random;27
0;79;7;Model;32
0;80;1;Model;28
0;81;4;Random;50
0;82;7;Model;51
0;83;7;Model;53
0;84;6;Random;54
0;85;6;Model;51
0;86;6;Model;46
0;87;1;Model;48
0;88;1;Model;50
0;89;6;Random;46
0;90;1;Model;47
0;91;0;Random;46
0;92;1;Model;47
0;93;3;Random;50
0;94;7;Model;51
0;95;6;Model;46
0;96;1;Model;48
0;97;1;Model;50
0;98;8;Random;44
0;99;7;Model;50
0;100;7;Model;51
0;101;6;Model;46
0;102;1;Model;48
0;103;1;Model;50
0;104;7;Model;51
0;105;4;Random;69
0;106;7;Random;69
0;107;1;Model;71
0;108;1;Random;73
0;109;6;Model;69
0;110;6;Random;64
0;111;0;Random;62
0;112;2;Random;57
0;113;1;Model;58
0;114;1;Model;60
0;115;4;Random;81
0;116;1;Model;-1000
1;1;5;Random;13
1;2;6;Model;19
1;3;1;Model;17
1;4;0;Random;19
1;5;7;Model;17
1;6;1;Model;16
1;7;6;Model;19
1;8;5;Random;9
1;9;1;Model;9
1;10;1;Model;6
1;11;4;Random;17
1;12;6;Model;21
1;13;5;Random;9
1;14;9;Random;6
1;15;6;Model;9
1;16;1;Random;7
1;17;7;Model;9
1;18;1;Model;6
1;19;2;Random;7
1;20;1;Model;5
1;21;1;Model;2
1;22;1;Random;1
1;23;2;Random;2
1;24;1;Model;0
1;25;1;Model;0
1;26;4;Random;0
1;27;9;Random;0
1;28;8;Random;1
1;29;2;Random;0
1;30;1;Model;0
1;31;5;Random;0
1;32;1;Model;0
1;33;1;Model;0
1;34;1;Model;1
1;35;6;Model;0
1;36;6;Model;0
1;37;1;Model;0
1;38;0;Random;0
1;39;1;Model;0
1;40;7;Random;0
1;41;5;Random;0
1;42;1;Model;0
1;43;1;Model;0
1;44;9;Random;0
1;45;7;Model;0
1;46;7;Model;0
1;47;1;Model;1
1;48;1;Model;1
1;49;7;Model;0
1;50;1;Model;1
1;51;3;Random;0
1;52;1;Model;1
1;53;1;Model;1
1;54;7;Model;1
1;55;8;Random;1
1;56;7;Model;1
1;57;7;Model;1
1;58;2;Random;0
1;59;1;Model;1
1;60;1;Model;0
1;61;5;Random;0
1;62;9;Random;-1000
2;1;7;Model;27
2;2;1;Model;24
2;3;2;Random;23
2;4;7;Model;27
2;5;7;Model;30
2;6;4;Random;47
2;7;7;Model;46
2;8;3;Random;45
2;9;1;Model;45
2;10;7;Model;45
2;11;5;Random;34
2;12;1;Model;32
2;13;8;Random;30
2;14;1;Random;27
2;15;1;Random;24
2;16;7;Random;27
2;17;7;Model;31
2;18;1;Model;27
2;19;6;Random;30
2;20;5;Random;19
2;21;1;Model;16
2;22;1;Model;13
2;23;7;Model;17
2;24;7;Model;15
2;25;8;Random;17
2;26;4;Random;27
2;27;7;Model;30
2;28;7;Model;26
2;29;2;Random;31
2;30;8;Random;31
2;31;7;Model;31
2;32;6;Random;36
2;33;3;Random;34
2;34;4;Random;47
2;35;7;Model;46
2;36;7;Model;40
2;37;7;Model;35
2;38;4;Random;58
2;39;7;Model;57
2;40;7;Model;58
2;41;6;Random;54
2;42;7;Model;45
2;43;2;Random;48
2;44;0;Random;49
2;45;5;Random;25
2;46;7;Model;27
2;47;5;Random;16
2;48;7;Model;16
2;49;4;Random;26
2;50;1;Model;26
2;51;7;Model;24
2;52;1;Model;26
2;53;6;Random;26
2;54;1;Model;26
2;55;7;Model;24
2;56;1;Model;26
2;57;7;Model;22
2;58;1;Model;25
2;59;7;Model;20
2;60;4;Random;30
2;61;3;Random;33
2;62;6;Random;27
2;63;7;Model;27
2;64;1;Model;31
2;65;7;Model;32
2;66;8;Random;31
2;67;6;Model;23
2;68;1;Random;27
2;69;1;Model;30
2;70;7;Random;31
2;71;7;Model;32
2;72;2;Random;27
2;73;6;Model;24
2;74;2;Random;26
2;75;1;Model;25
2;76;6;Random;30
2;77;5;Random;21
2;78;4;Random;30
2;79;1;Random;29
2;80;7;Model;26
2;81;6;Model;29
2;82;6;Random;31
2;83;7;Model;28
2;84;7;Model;24
2;85;7;Model;21
2;86;7;Model;22
2;87;7;Model;23
2;88;7;Model;22
2;89;7;Model;21
2;90;7;Model;15
2;91;7;Model;19
2;92;7;Model;25
2;93;7;Model;26
2;94;7;Model;27
2;95;6;Random;22
2;96;3;Random;25
2;97;6;Random;22
2;98;7;Model;25
2;99;7;Model;27
2;100;7;Model;-1000
3;1;7;Model;27
3;2;7;Model;30
3;3;7;Model;34
3;4;7;Model;31
3;5;2;Random;31
3;6;3;Random;31
3;7;4;Random;47
3;8;7;Model;45
3;9;4;Random;64
3;10;7;Random;64
3;11;7;Model;65
3;12;7;Model;64
3;13;7;Model;58
3;14;7;Model;49
3;15;7;Model;49
3;16;7;Random;43
3;17;9;Random;44
3;18;7;Model;37
3;19;4;Random;53
3;20;7;Model;-1000
4;1;7;Model;27
4;2;7;Model;30
4;3;7;Model;34
4;4;7;Model;31
4;5;7;Random;31
4;6;7;Model;32
4;7;1;Random;33
4;8;7;Model;27
4;9;7;Model;21
4;10;3;Random;20
4;11;1;Random;23
4;12;2;Random;23
4;13;7;Random;20
4;14;7;Model;16
4;15;7;Model;17
4;16;7;Model;15
4;17;0;Random;15
4;18;7;Model;18
4;19;7;Model;15
4;20;7;Model;12
4;21;7;Model;10
4;22;2;Random;12
4;23;1;Random;12
4;24;1;Random;14
4;25;7;Model;10
4;26;7;Model;8
4;27;8;Random;10
4;28;7;Model;8
4;29;7;Model;4
4;30;7;Model;4
4;31;7;Model;7
4;32;7;Model;11
4;33;7;Model;16
4;34;9;Random;15
4;35;6;Random;16
4;36;7;Model;17
4;37;7;Random;16
4;38;7;Model;15
4;39;7;Model;15
4;40;7;Model;16
4;41;3;Random;19
4;42;7;Model;18
4;43;7;Random;22
4;44;7;Model;17
4;45;7;Random;16
4;46;7;Model;15
4;47;7;Model;10
4;48;7;Model;-1000
5;1;7;Model;27
5;2;7;Model;30
5;3;9;Random;30
5;4;9;Random;27
5;5;7;Model;30
5;6;1;Random;27
5;7;7;Model;31
5;8;7;Model;31
5;9;0;Random;34
5;10;7;Model;27
5;11;7;Model;23
5;12;6;Random;23
5;13;7;Random;20
5;14;5;Random;6
5;15;7;Model;9
5;16;2;Random;6
5;17;7;Model;7
5;18;7;Random;4
5;19;7;Model;7
5;20;7;Model;10
5;21;7;Model;12
5;22;7;Model;8
5;23;7;Model;3
5;24;7;Model;1
5;25;2;Random;2
5;26;7;Model;2
5;27;3;Random;0
5;28;8;Random;1
5;29;6;Random;4
5;30;7;Model;4
5;31;0;Random;6
5;32;7;Model;2
5;33;2;Random;6
5;34;7;Model;2
5;35;7;Model;0
5;36;9;Random;2
5;37;7;Model;3
5;38;7;Model;3
5;39;7;Model;4
5;40;8;Random;3
5;41;7;Model;4
5;42;3;Random;4
5;43;9;Random;6
5;44;7;Model;8
5;45;7;Model;7
5;46;7;Model;6
5;47;0;Random;2
5;48;7;Random;4
5;49;7;Model;8
5;50;7;Model;14
5;51;3;Random;11
5;52;2;Random;14
5;53;7;Model;11
5;54;4;Random;18
5;55;7;Model;11
5;56;7;Model;4
5;57;9;Random;-1000
6;1;4;Random;39
6;2;7;Model;42
6;3;3;Random;44
6;4;4;Random;61
6;5;7;Model;59
6;6;7;Model;59
6;7;7;Model;61
6;8;7;Random;61
6;9;7;Model;66
6;10;7;Model;66
6;11;7;Model;61
6;12;6;Random;62
6;13;7;Model;54
6;14;7;Model;51
6;15;7;Model;48
6;16;9;Random;45
6;17;2;Random;49
6;18;7;Model;43
6;19;4;Random;66
6;20;7;Model;-1000
7;1;3;Random;24
7;2;7;Model;29
7;3;6;Random;28
7;4;7;Model;31
7;5;7;Model;31
7;6;7;Model;30
7;7;7;Model;29
7;8;7;Model;31
7;9;7;Model;25
7;10;7;Model;20
7;11;2;Random;25
7;12;5;Random;12
7;13;7;Model;10
7;14;7;Model;5
7;15;8;Random;10
7;16;6;Random;13
7;17;7;Model;9
7;18;7;Model;5
7;19;5;Random;0
7;20;5;Random;0
7;21;7;Model;0
7;22;4;Random;0
7;23;9;Random;1
7;24;7;Model;4
7;25;7;Model;4
7;26;7;Model;1
7;27;7;Model;2
7;28;7;Model;2
7;29;7;Model;1
7;30;3;Random;0
7;31;9;Random;0
7;32;7;Model;0
7;33;8;Random;0
7;34;7;Model;0
7;35;7;Model;2
7;36;7;Model;3
7;37;0;Random;1
7;38;7;Random;2
7;39;3;Random;4
7;40;2;Random;2
7;41;7;Model;2
7;42;7;Model;0
7;43;7;Model;0
7;44;7;Model;0
7;45;0;Random;0
7;46;9;Random;0
7;47;6;Random;0
7;48;7;Model;1
7;49;7;Model;4
7;50;7;Model;7
7;51;8;Random;4
7;52;8;Random;1
7;53;9;Random;0
7;54;7;Model;4
7;55;7;Model;4
7;56;1;Random;5
7;57;7;Model;3
7;58;7;Model;1
7;59;7;Model;2
7;60;7;Model;-1000
8;1;7;Model;27
8;2;8;Random;23
8;3;1;Random;19
8;4;1;Random;12
8;5;7;Model;19
8;6;7;Random;26
8;7;7;Model;30
8;8;2;Random;29
8;9;7;Model;32
8;10;5;Random;17
8;11;9;Random;17
8;12;7;Model;22
8;13;7;Model;20
8;14;7;Model;16
8;15;7;Model;12
8;16;2;Random;14
8;17;7;Model;12
8;18;7;Model;6
8;19;7;Model;9
8;20;7;Model;6
8;21;7;Model;7
8;22;7;Model;11
8;23;7;Model;12
8;24;7;Model;10
8;25;2;Random;12
8;26;0;Random;10
8;27;6;Random;8
8;28;7;Model;6
8;29;7;Model;5
8;30;7;Model;7
8;31;7;Model;6
8;32;7;Model;2
8;33;2;Random;6
8;34;0;Random;5
8;35;2;Random;8
8;36;7;Model;4
8;37;2;Random;6
8;38;7;Model;2
8;39;9;Random;2
8;40;1;Random;2
8;41;6;Random;4
8;42;7;Model;1
8;43;1;Random;2
8;44;9;Random;0
8;45;4;Random;5
8;46;7;Random;5
8;47;7;Model;6
8;48;8;Random;5
8;49;3;Random;9
8;50;7;Model;8
8;51;7;Model;5
8;52;4;Random;10
8;53;7;Model;10
8;54;7;Model;15
8;55;7;Model;17
8;56;7;Model;21
8;57;7;Model;24
8;58;7;Model;24
8;59;3;Random;22
8;60;7;Random;19
8;61;2;Random;21
8;62;7;Model;18
8;63;6;Random;17
8;64;7;Model;12
8;65;7;Random;-1000
9;1;7;Model;27
9;2;1;Random;24
9;3;7;Random;29
9;4;9;Random;27
9;5;7;Model;30
9;6;4;Random;44
9;7;7;Model;44
9;8;3;Random;44
9;9;7;Model;47
9;10;6;Random;47
9;11;4;Random;59
9;12;7;Model;63
9;13;6;Random;64
9;14;7;Model;65
9;15;8;Random;64
9;16;7;Model;65
9;17;7;Random;64
9;18;7;Model;58
9;19;7;Model;49
9;20;7;Model;49
9;21;1;Random;48
9;22;7;Model;45
9;23;3;Random;44
9;24;9;Random;47
9;25;2;Random;46
9;26;2;Random;45
9;27;7;Random;44
9;28;7;Model;37
9;29;7;Model;30
9;30;7;Model;27
9;31;5;Random;16
9;32;7;Random;14
9;33;7;Model;17
9;34;4;Random;32
9;35;0;Random;29
9;36;7;Model;28
9;37;7;Model;26
9;38;0;Random;24
9;39;2;Random;23
9;40;1;Random;24
9;41;7;Model;24
9;42;7;Model;19
9;43;6;Random;22
9;44;6;Random;24
9;45;4;Random;35
9;46;7;Model;-1000
10;1;7;Model;27
10;2;7;Model;30
10;3;7;Model;34
10;4;7;Model;31
10;5;9;Random;34
10;6;3;Random;36
10;7;4;Random;45
10;8;7;Model;49
10;9;7;Model;45
10;10;8;Random;49
10;11;7;Model;45
10;12;7;Model;37
10;13;8;Random;45
10;14;7;Model;37
10;15;0;Random;39
10;16;8;Random;42
10;17;7;Model;39
10;18;9;Random;35
10;19;7;Model;36
10;20;7;Model;36
10;21;7;Model;35
10;22;7;Model;33
10;23;7;Model;29
10;24;7;Model;24
10;25;0;Random;20
10;26;9;Random;22
10;27;7;Model;19
10;28;2;Random;18
10;29;7;Model;16
10;30;2;Random;14
10;31;7;Model;16
10;32;7;Model;17
10;33;3;Random;18
10;34;5;Random;5
10;35;7;Model;11
10;36;8;Random;5
10;37;7;Model;11
10;38;7;Model;14
10;39;9;Random;16
10;40;7;Model;18
10;41;7;Model;24
10;42;7;Model;28
10;43;7;Model;32
10;44;7;Model;31
10;45;7;Model;26
10;46;7;Model;25
10;47;7;Random;24
10;48;7;Model;21
10;49;7;Model;17
10;50;7;Model;11
10;51;7;Model;-1000
11;1;7;Model;27
11;2;1;Random;24
11;3;7;Model;29
11;4;7;Model;32
11;5;7;Model;34
11;6;5;Random;20
11;7;1;Random;19
11;8;5;Random;8
11;9;7;Model;9
11;10;4;Random;22
11;11;2;Random;20
11;12;7;Model;23
11;13;7;Model;16
11;14;7;Model;13
11;15;7;Model;8
11;16;7;Model;6
11;17;7;Model;7
11;18;7;Model;4
11;19;7;Model;7
11;20;7;Model;10
11;21;7;Model;12
11;22;1;Random;12
11;23;7;Model;10
11;24;7;Model;6
11;25;7;Model;2
11;26;4;Random;8
11;27;0;Random;7
11;28;7;Model;4
11;29;7;Model;5
11;30;7;Model;7
11;31;6;Random;5
11;32;6;Random;6
11;33;7;Model;4
11;34;7;Model;3
11;35;7;Model;3
11;36;7;Random;4
11;37;5;Random;1
11;38;9;Random;4
11;39;7;Model;2
11;40;7;Model;1
11;41;4;Random;5
11;42;7;Model;5
11;43;6;Random;2
11;44;9;Random;5
11;45;7;Model;6
11;46;7;Model;11
11;47;7;Model;16
11;48;7;Model;18
11;49;7;Model;15
11;50;3;Random;15
11;51;7;Model;8
11;52;7;Model;4
11;53;3;Random;-1000
12;1;1;Random;19
12;2;7;Model;24
12;3;0;Random;27
12;4;3;Random;29
12;5;7;Model;32
12;6;7;Model;34
12;7;7;Model;31
12;8;7;Model;33
12;9;1;Random;34
12;10;7;Model;28
12;11;7;Model;23
12;12;7;Model;20
12;13;7;Model;16
12;14;7;Model;17
12;15;7;Model;15
12;16;7;Model;18
12;17;7;Model;19
12;18;7;Model;14
12;19;7;Model;10
12;20;7;Model;8
12;21;7;Model;4
12;22;8;Random;8
12;23;7;Model;4
12;24;7;Model;4
12;25;7;Model;7
12;26;2;Random;5
12;27;7;Model;7
12;28;7;Model;12
12;29;9;Random;14
12;30;7;Random;17
12;31;7;Model;20
12;32;7;Model;22
12;33;7;Model;19
12;34;5;Random;9
12;35;7;Model;10
12;36;1;Random;12
12;37;5;Random;4
12;38;7;Model;6
12;39;7;Model;5
12;40;3;Random;6
12;41;4;Random;13
12;42;6;Random;9
12;43;3;Random;11
12;44;0;Random;8
12;45;7;Model;10
12;46;7;Model;9
12;47;7;Random;8
12;48;2;Random;11
12;49;6;Random;15
12;50;7;Random;8
12;51;7;Model;4
12;52;7;Model;2
12;53;7;Random;-1000
13;1;4;Random;39
13;2;7;Model;42
13;3;7;Model;47
13;4;7;Model;46
13;5;7;Model;47
13;6;4;Random;63
13;7;7;Model;64
13;8;6;Random;70
13;9;7;Model;64
13;10;7;Model;58
13;11;9;Random;65
13;12;3;Random;66
13;13;3;Random;62
13;14;7;Model;58
13;15;5;Random;35
13;16;7;Model;29
13;17;7;Model;30
13;18;7;Random;27
13;19;4;Random;44
13;20;7;Model;37
13;21;7;Model;30
13;22;0;Random;28
13;23;7;Model;23
13;24;8;Random;28
13;25;7;Model;23
13;26;7;Model;27
13;27;7;Model;29
13;28;5;Random;16
13;29;7;Model;13
13;30;3;Random;15
13;31;7;Model;18
13;32;6;Random;14
13;33;7;Model;16
13;34;7;Model;17
13;35;7;Model;16
13;36;7;Model;15
13;37;9;Random;28
13;38;7;Model;25
13;39;1;Random;34
13;40;7;Model;30
13;41;7;Model;29
13;42;7;Model;32
13;43;7;Model;28
13;44;7;Model;28
13;45;7;Model;25
13;46;3;Random;25
13;47;7;Model;16
13;48;7;Model;-1000
14;1;7;Model;27
14;2;7;Model;30
14;3;6;Random;29
14;4;7;Model;28
14;5;7;Model;28
14;6;9;Random;31
14;7;3;Random;31
14;8;7;Model;33
14;9;7;Model;27
14;10;7;Model;21
14;11;7;Model;18
14;12;7;Model;16
14;13;7;Model;13
14;14;1;Random;17
14;15;7;Model;15
14;16;5;Random;7
14;17;3;Random;10
14;18;1;Random;9
14;19;7;Model;13
14;20;7;Model;14
14;21;0;Random;11
14;22;7;Random;8
14;23;7;Model;4
14;24;3;Random;2
14;25;2;Random;4
14;26;6;Random;3
14;27;7;Model;1
14;28;0;Random;2
14;29;1;Random;1
14;30;1;Random;2
14;31;7;Model;0
14;32;2;Random;1
14;33;4;Random;7
14;34;7;Model;4
14;35;7;Model;5
14;36;6;Random;6
14;37;8;Random;10
14;38;7;Model;6
14;39;7;Model;5
14;40;8;Random;6
14;41;8;Random;10
14;42;7;Model;6
14;43;5;Random;2
14;44;5;Random;0
14;45;8;Random;0
14;46;5;Random;0
14;47;6;Random;0
14;48;5;Random;0
14;49;7;Model;-1000
15;1;7;Model;27
15;2;6;Random;25
15;3;7;Random;29
15;4;7;Model;28
15;5;8;Random;29
15;6;7;Model;28
15;7;0;Random;25
15;8;6;Random;21
15;9;7;Model;23
15;10;7;Model;29
15;11;7;Random;29
15;12;7;Model;29
15;13;2;Random;28
15;14;7;Model;31
15;15;7;Model;30
15;16;7;Model;27
15;17;7;Model;27
15;18;7;Random;20
15;19;7;Model;18
15;20;7;Model;17
15;21;7;Model;17
15;22;0;Random;17
15;23;7;Model;16
15;24;7;Model;15
15;25;7;Model;12
15;26;9;Random;12
15;27;7;Model;8
15;28;7;Model;4
15;29;7;Model;1
15;30;7;Model;1
15;31;8;Random;1
15;32;7;Model;1
15;33;7;Model;1
15;34;7;Model;2
15;35;7;Model;4
15;36;7;Model;10
15;37;7;Model;12
15;38;7;Model;12
15;39;7;Model;14
15;40;2;Random;12
15;41;7;Model;14
15;42;7;Model;12
15;43;7;Random;-1000
16;1;8;Random;23
16;2;1;Random;16
16;3;1;Random;10
16;4;7;Model;12
16;5;7;Model;19
16;6;8;Random;12
16;7;7;Model;19
16;8;7;Model;26
16;9;7;Model;30
16;10;7;Model;32
16;11;7;Model;34
16;12;4;Random;45
16;13;7;Model;47
16;14;7;Model;48
16;15;7;Model;42
16;16;7;Model;39
16;17;7;Model;35
16;18;7;Model;29
16;19;1;Random;33
16;20;3;Random;36
16;21;7;Model;35
16;22;7;Model;33
16;23;9;Random;39
16;24;7;Model;34
16;25;1;Random;40
16;26;7;Model;33
16;27;7;Model;28
16;28;7;Model;23
16;29;7;Model;21
16;30;2;Random;19
16;31;2;Random;19
16;32;5;Random;6
16;33;7;Model;4
16;34;9;Random;7
16;35;7;Model;9
16;36;0;Random;9
16;37;7;Model;13
16;38;7;Model;16
16;39;7;Model;18
16;40;5;Random;12
16;41;7;Model;12
16;42;7;Model;15
16;43;7;Model;15
16;44;7;Model;15
16;45;7;Random;18
16;46;7;Model;17
16;47;7;Model;15
16;48;0;Random;15
16;49;7;Model;12
16;50;7;Model;8
16;51;7;Model;5
16;52;4;Random;-1000
17;1;9;Random;19
17;2;7;Model;26
17;3;8;Random;19
17;4;7;Model;26
17;5;7;Model;30
17;6;7;Model;32
17;7;7;Model;34
17;8;7;Model;34
17;9;2;Random;31
17;10;7;Model;33
17;11;7;Model;27
17;12;8;Random;33
17;13;7;Model;27
17;14;7;Random;21
17;15;6;Random;25
17;16;7;Model;20
17;17;7;Model;15
17;18;7;Model;12
17;19;3;Random;13
17;20;7;Model;16
17;21;6;Random;14
17;22;7;Random;17
17;23;7;Model;16
17;24;7;Model;13
17;25;2;Random;15
17;26;7;Model;13
17;27;4;Random;21
17;28;7;Model;18
17;29;7;Model;16
17;30;6;Random;17
17;31;7;Model;14
17;32;7;Model;13
17;33;7;Model;11
17;34;7;Model;8
17;35;7;Model;7
17;36;7;Model;9
17;37;0;Random;9
17;38;7;Random;11
17;39;7;Model;18
17;40;7;Model;17
17;41;4;Random;23
17;42;7;Model;25
17;43;7;Model;28
17;44;9;Random;26
17;45;7;Model;27
17;46;7;Model;24
17;47;2;Random;26
17;48;7;Model;21
17;49;7;Random;-1000
18;1;7;Model;27
18;2;7;Model;30
18;3;4;Random;47
18;4;7;Model;46
18;5;7;Model;47
18;6;7;Model;45
18;7;7;Model;44
18;8;7;Model;48
18;9;7;Model;41
18;10;7;Model;30
18;11;2;Random;35
18;12;7;Model;31
18;13;7;Model;27
18;14;7;Model;28
18;15;7;Model;28
18;16;7;Model;23
18;17;1;Random;26
18;18;7;Model;20
18;19;7;Model;18
18;20;7;Model;17
18;21;0;Random;17
18;22;7;Model;13
18;23;0;Random;13
18;24;7;Model;13
18;25;7;Model;13
18;26;3;Random;14
18;27;7;Model;16
18;28;7;Model;13
18;29;4;Random;21
18;30;7;Model;22
18;31;8;Random;21
18;32;7;Model;22
18;33;7;Model;23
18;34;7;Model;27
18;35;7;Model;39
18;36;1;Random;33
18;37;7;Model;40
18;38;7;Model;46
18;39;1;Random;44
18;40;7;Model;44
18;41;7;Model;36
18;42;7;Model;27
18;43;0;Random;22
18;44;6;Random;23
18;45;7;Model;20
18;46;6;Random;19
18;47;8;Random;-1000
19;1;4;Random;39
19;2;5;Random;23
19;3;7;Model;27
19;4;9;Random;26
19;5;7;Model;30
19;6;6;Random;30
19;7;2;Random;28
19;8;7;Model;31
19;9;7;Model;31
19;10;1;Random;34
19;11;7;Model;31
19;12;6;Random;28
19;13;8;Random;28
19;14;7;Model;28
19;15;7;Model;27
19;16;8;Random;28
19;17;7;Model;27
19;18;7;Model;28
19;19;1;Random;29
19;20;2;Random;27
19;21;0;Random;26
19;22;8;Random;26
19;23;7;Model;26
19;24;3;Random;28
19;25;4;Random;45
19;26;7;Model;46
19;27;9;Random;48
19;28;8;Random;44
19;29;7;Model;48
19;30;6;Random;46
19;31;1;Model;46
19;32;1;Random;44
19;33;7;Model;48
19;34;7;Model;41
19;35;1;Model;44
19;36;5;Random;21
19;37;1;Random;23
19;38;7;Model;20
19;39;1;Model;23
19;40;2;Random;23
19;41;9;Random;23
19;42;7;Random;22
19;43;7;Model;20
19;44;7;Model;19
19;45;7;Model;20
19;46;8;Random;19
19;47;1;Model;21
19;48;4;Random;39
19;49;7;Model;39
19;50;0;Random;35
19;51;1;Model;39
19;52;4;Random;57
19;53;5;Random;39
19;54;7;Model;37
19;55;1;Model;40
19;56;1;Random;44
19;57;8;Random;41
19;58;1;Model;42
19;59;1;Model;39
19;60;1;Model;38
19;61;1;Model;37
19;62;1;Model;33
19;63;7;Random;39
19;64;4;Random;55
19;65;6;Random;55
19;66;1;Model;54
19;67;6;Random;53
19;68;4;Random;80
19;69;7;Model;-1000
20;1;7;Model;27
20;2;9;Random;26
20;3;7;Model;30
20;4;7;Model;32
20;5;7;Model;34
20;6;7;Random;34
20;7;7;Model;28
20;8;7;Model;23
20;9;7;Model;20
20;10;5;Random;6
20;11;3;Random;9
20;12;1;Random;12
20;13;7;Model;11
20;14;1;Model;12
20;15;1;Model;14
20;16;5;Random;5
20;17;1;Model;4
20;18;9;Random;4
20;19;1;Model;3
20;20;2;Random;3
20;21;1;Model;1
20;22;1;Model;1
20;23;1;Random;0
20;24;7;Model;2
20;25;7;Model;2
20;26;6;Random;3
20;27;2;Random;3
20;28;0;Random;4
20;29;1;Model;3
20;30;5;Random;0
20;31;7;Model;1
20;32;4;Random;4
20;33;9;Random;3
20;34;6;Random;4
20;35;1;Model;3
20;36;1;Model;1
20;37;8;Random;1
20;38;1;Model;0
20;39;7;Model;2
20;40;7;Model;2
20;41;1;Model;4
20;42;7;Model;2
20;43;1;Model;4
20;44;1;Model;5
20;45;3;Random;4
20;46;1;Model;5
20;47;0;Random;4
20;48;1;Model;5
20;49;0;Random;4
20;50;9;Random;6
20;51;2;Random;5
20;52;2;Random;4
20;53;1;Model;2
20;54;7;Model;5
20;55;1;Model;4
20;56;7;Model;6
20;57;1;Model;7
20;58;1;Model;4
20;59;2;Random;3
20;60;4;Model;10
20;61;4;Model;14
20;62;7;Model;15
20;63;1;Model;12
20;64;4;Model;17
20;65;1;Model;16
20;66;8;Random;20
20;67;1;Model;20
20;68;1;Model;20
20;69;9;Random;17
20;70;7;Random;12
20;71;1;Model;13
20;72;1;Model;13
20;73;1;Model;18
20;74;1;Model;22
20;75;1;Model;27
20;76;4;Model;44
20;77;4;Model;61
20;78;4;Model;-1000
21;1;7;Model;27
21;2;7;Model;30
21;3;7;Model;34
21;4;7;Model;31
21;5;7;Model;31
21;6;3;Random;33
21;7;7;Model;27
21;8;7;Model;21
21;9;7;Model;18
21;10;4;Random;36
21;11;1;Model;39
21;12;7;Model;35
21;13;2;Random;36
21;14;1;Random;39
21;15;5;Random;20
21;16;7;Random;16
21;17;5;Random;9
21;18;7;Model;6
21;19;7;Model;7
21;20;8;Random;6
21;21;1;Model;10
21;22;7;Model;7
21;23;5;Random;3
21;24;7;Model;5
21;25;4;Random;10
21;26;7;Model;14
21;27;7;Model;11
21;28;4;Model;20
21;29;2;Random;19
21;30;4;Model;26
21;31;4;Random;37
21;32;4;Model;53
21;33;4;Model;-1000
22;1;4;Model;39
22;2;4;Model;55
22;3;7;Model;64
22;4;7;Random;61
22;5;3;Random;59
22;6;7;Model;59
22;7;7;Model;61
22;8;7;Model;61
22;9;7;Model;66
22;10;8;Random;61
22;11;4;Model;84
22;12;7;Model;-1000
23;1;4;Model;39
23;2;4;Model;55
23;3;4;Model;74
23;4;7;Random;-1000
24;1;4;Model;39
24;2;4;Model;55
24;3;4;Model;74
24;4;4;Model;-1000
25;1;4;Model;39
25;2;7;Random;42
25;3;3;Random;44
25;4;4;Model;61
25;5;6;Random;66
25;6;4;Model;83
25;7;8;Random;-1000
26;1;4;Random;39
26;2;4;Model;55
26;3;4;Model;74
26;4;4;Random;-1000
27;1;8;Random;23
27;2;4;Model;32
27;3;9;Random;29
27;4;4;Model;46
27;5;4;Model;67
27;6;4;Model;-1000
28;1;6;Random;29
28;2;4;Model;39
28;3;7;Model;46
28;4;4;Model;64
28;5;4;Model;81
28;6;4;Model;-1000
29;1;4;Model;39
29;2;4;Model;55
29;3;4;Model;74
29;4;7;Random;-1000
30;1;4;Model;39
30;2;4;Model;55
30;3;4;Model;74
30;4;3;Random;-1000
31;1;4;Model;39
31;2;7;Random;42
31;3;0;Random;46
31;4;2;Random;46
31;5;4;Model;64
31;6;8;Random;56
31;7;8;Random;46
31;8;4;Model;70
31;9;4;Model;-1000
32;1;9;Random;19
32;2;4;Model;35
32;3;4;Model;53
32;4;4;Model;73
32;5;4;Random;-1000
33;1;4;Model;39
33;2;4;Model;55
33;3;4;Model;74
33;4;8;Random;-1000
34;1;4;Model;39
34;2;4;Model;55
34;3;2;Random;50
34;4;4;Model;70
34;5;4;Model;-1000
35;1;4;Model;39
35;2;4;Model;55
35;3;4;Model;74
35;4;8;Random;-1000
36;1;4;Random;39
36;2;9;Random;35
36;3;4;Model;53
36;4;4;Model;73
36;5;3;Random;-1000
37;1;6;Random;29
37;2;0;Random;28
37;3;7;Random;26
37;4;4;Model;46
37;5;3;Random;45
37;6;4;Model;68
37;7;4;Model;90
37;8;4;Model;-1000
38;1;4;Model;39
38;2;2;Random;36
38;3;4;Model;50
38;4;9;Random;50
38;5;4;Model;69
38;6;4;Model;-1000
39;1;4;Model;39
39;2;4;Model;55
39;3;4;Model;74
39;4;4;Model;-1000
40;1;4;Model;39
40;2;0;Random;42
40;3;4;Model;61
40;4;4;Model;78
40;5;4;Model;-1000
41;1;4;Model;39
41;2;4;Model;55
41;3;1;Random;50
41;4;4;Model;69
41;5;3;Random;-1000
42;1;4;Model;39
42;2;9;Random;35
42;3;5;Random;19
42;4;4;Model;35
42;5;4;Model;53
42;6;6;Random;55
42;7;4;Model;74
42;8;3;Random;-1000
43;1;4;Model;39
43;2;4;Model;55
43;3;4;Model;74
43;4;2;Random;-1000
44;1;4;Model;39
44;2;4;Model;55
44;3;4;Model;74
44;4;8;Random;-1000
45;1;4;Model;39
45;2;8;Random;32
45;3;4;Model;45
45;4;4;Model;64
45;5;4;Model;-1000
46;1;0;Random;25
46;2;4;Model;42
46;3;4;Model;61
46;4;4;Model;78
46;5;4;Model;-1000
47;1;4;Random;39
47;2;4;Model;55
47;3;2;Random;50
47;4;4;Model;70
47;5;4;Model;-1000
48;1;4;Model;39
48;2;4;Model;55
48;3;4;Model;74
48;4;4;Model;-1000
49;1;4;Model;39
49;2;4;Model;55
49;3;3;Random;58
49;4;4;Model;76
49;5;3;Random;-1000
50;1;6;Random;29
50;2;4;Model;39
50;3;4;Random;56
50;4;9;Random;55
50;5;0;Random;61
50;6;2;Random;56
50;7;6;Random;56
50;8;8;Random;56
50;9;1;Random;50
50;10;0;Random;56
50;11;1;Random;50
50;12;4;Model;67
50;13;5;Random;-1000
51;1;0;Random;25
51;2;3;Random;27
51;3;4;Model;42
51;4;0;Random;46
51;5;5;Random;28
51;6;7;Random;31
51;7;2;Random;29
51;8;4;Model;45
51;9;4;Model;68
51;10;4;Model;90
51;11;4;Model;-1000
52;1;4;Model;39
52;2;4;Model;55
52;3;5;Random;39
52;4;6;Random;39
52;5;8;Random;35
52;6;4;Model;46
52;7;4;Model;70
52;8;1;Random;-1000
53;1;4;Random;39
53;2;4;Model;55
53;3;7;Random;64
53;4;5;Random;42
53;5;2;Random;42
53;6;4;Model;61
53;7;6;Random;60
53;8;4;Model;79
53;9;0;Random;-1000
54;1;9;Random;19
54;2;4;Model;35
54;3;4;Model;53
54;4;4;Random;73
54;5;0;Random;-1000
55;1;4;Model;39
55;2;4;Model;55
55;3;4;Model;74
55;4;5;Random;-1000
56;1;0;Random;25
56;2;0;Random;25
56;3;6;Random;28
56;4;4;Model;43
56;5;4;Model;63
56;6;4;Model;88
56;7;4;Model;-1000
57;1;4;Model;39
57;2;4;Model;55
57;3;6;Random;56
57;4;4;Model;75
57;5;8;Random;-1000
58;1;2;Random;27
58;2;4;Model;36
58;3;1;Random;32
58;4;4;Model;45
58;5;0;Random;50
58;6;6;Random;52
58;7;4;Model;76
58;8;8;Random;-1000
59;1;0;Random;25
59;2;4;Model;42
59;3;4;Model;61
59;4;6;Random;60
59;5;4;Model;79
59;6;4;Random;-1000
60;1;4;Random;39
60;2;4;Model;55
60;3;0;Random;61
60;4;4;Model;78
60;5;4;Model;-1000
61;1;0;Random;25
61;2;4;Model;42
61;3;6;Random;43
61;4;4;Model;60
61;5;4;Model;79
61;6;4;Model;-1000
62;1;4;Model;39
62;2;0;Random;42
62;3;4;Model;61
62;4;3;Random;64
62;5;4;Model;79
62;6;3;Random;-1000
63;1;4;Model;39
63;2;4;Model;55
63;3;7;Random;64
63;4;4;Model;79
63;5;8;Random;-1000
64;1;4;Model;39
64;2;4;Model;55
64;3;4;Model;74
64;4;9;Random;-1000
65;1;4;Random;39
65;2;0;Random;42
65;3;4;Model;61
65;4;4;Model;78
65;5;4;Model;-1000
66;1;4;Model;39
66;2;4;Model;55
66;3;4;Model;74
66;4;5;Random;-1000
67;1;9;Random;19
67;2;4;Model;35
67;3;4;Model;53
67;4;8;Random;46
67;5;0;Random;50
67;6;4;Model;69
67;7;5;Random;-1000
68;1;1;Random;19
68;2;4;Model;35
68;3;9;Random;29
68;4;1;Random;22
68;5;4;Model;47
68;6;5;Random;22
68;7;2;Random;21
68;8;4;Model;42
68;9;0;Random;46
68;10;4;Model;67
68;11;7;Random;-1000
69;1;4;Model;39
69;2;5;Random;23
69;3;5;Random;13
69;4;4;Model;23
69;5;8;Random;23
69;6;7;Random;23
69;7;4;Model;39
69;8;4;Model;55
69;9;4;Model;74
69;10;4;Model;-1000
70;1;4;Model;39
70;2;6;Random;39
70;3;4;Model;56
70;4;7;Random;64
70;5;4;Model;81
70;6;4;Model;-1000
71;1;4;Model;39
71;2;7;Random;42
71;3;4;Model;64
71;4;4;Model;79
71;5;4;Model;-1000
72;1;4;Model;39
72;2;4;Model;55
72;3;4;Model;74
72;4;6;Random;-1000
73;1;4;Model;39
73;2;4;Model;55
73;3;9;Random;53
73;4;7;Random;56
73;5;4;Model;77
73;6;4;Model;-1000
74;1;4;Model;39
74;2;4;Model;55
74;3;4;Model;74
74;4;4;Model;-1000
75;1;8;Random;23
75;2;4;Model;32
75;3;5;Random;23
75;4;4;Model;32
75;5;4;Model;45
75;6;4;Model;64
75;7;7;Random;-1000
76;1;0;Random;25
76;2;4;Model;42
76;3;2;Random;39
76;4;4;Model;56
76;5;4;Model;75
76;6;4;Model;-1000
77;1;4;Model;39
77;2;4;Model;55
77;3;0;Random;61
77;4;4;Model;78
77;5;8;Random;-1000
78;1;4;Model;39
78;2;4;Model;55
78;3;4;Model;74
78;4;4;Model;-1000
79;1;4;Model;39
79;2;5;Random;23
79;3;2;Random;27
79;4;6;Random;32
79;5;4;Model;38
79;6;7;Random;43
79;7;4;Model;60
79;8;7;Random;67
79;9;4;Model;89
79;10;4;Model;-1000
80;1;4;Model;39
80;2;4;Model;55
80;3;4;Model;74
80;4;4;Model;-1000
81;1;4;Model;39
81;2;4;Model;55
81;3;4;Model;74
81;4;4;Model;-1000
82;1;4;Model;39
82;2;3;Random;39
82;3;3;Random;41
82;4;4;Random;56
82;5;3;Random;57
82;6;7;Random;58
82;7;4;Model;72
82;8;2;Random;-1000
83;1;4;Model;39
83;2;4;Model;55
83;3;5;Random;39
83;4;2;Random;36
83;5;4;Model;50
83;6;8;Random;41
83;7;4;Model;63
83;8;4;Model;-1000
84;1;2;Random;27
84;2;4;Model;36
84;3;7;Random;42
84;4;0;Random;46
84;5;4;Model;64
84;6;4;Model;81
84;7;4;Model;-1000
85;1;4;Model;39
85;2;4;Model;55
85;3;6;Random;56
85;4;4;Model;75
85;5;4;Model;-1000
86;1;4;Model;39
86;2;4;Model;55
86;3;4;Model;74
86;4;7;Random;-1000
87;1;7;Random;27
87;2;6;Random;25
87;3;4;Model;46
87;4;4;Model;64
87;5;4;Model;81
87;6;1;Random;-1000
88;1;3;Random;24
88;2;4;Model;39
88;3;0;Random;42
88;4;6;Random;46
88;5;8;Random;39
88;6;4;Model;56
88;7;4;Model;75
88;8;5;Random;-1000
89;1;4;Model;39
89;2;4;Model;55
89;3;4;Model;74
89;4;4;Model;-1000
90;1;4;Random;39
90;2;4;Model;55
90;3;4;Random;74
90;4;7;Random;-1000
91;1;4;Model;39
91;2;4;Model;55
91;3;3;Random;58
91;4;5;Random;39
91;5;4;Model;58
91;6;4;Model;76
91;7;4;Model;-1000
92;1;4;Model;39
92;2;8;Random;32
92;3;7;Random;39
92;4;4;Model;55
92;5;6;Random;56
92;6;4;Model;75
92;7;8;Random;-1000
93;1;0;Random;25
93;2;9;Random;24
93;3;4;Model;39
93;4;4;Model;58
93;5;4;Model;76
93;6;4;Model;-1000
94;1;4;Model;39
94;2;4;Model;55
94;3;4;Model;74
94;4;4;Model;-1000
95;1;1;Random;19
95;2;4;Model;35
95;3;6;Random;36
95;4;4;Model;50
95;5;4;Model;70
95;6;4;Model;-1000
96;1;3;Random;24
96;2;4;Model;39
96;3;4;Model;58
96;4;9;Random;52
96;5;7;Random;57
96;6;4;Model;73
96;7;4;Model;-1000
97;1;4;Random;39
97;2;4;Model;55
97;3;5;Random;39
97;4;6;Random;39
97;5;4;Model;56
97;6;4;Model;75
97;7;4;Model;-1000
98;1;4;Random;39
98;2;4;Model;55
98;3;4;Model;74
98;4;1;Random;-1000
99;1;4;Random;39
99;2;4;Model;55
99;3;4;Model;74
99;4;4;Model;-1000
100;1;4;Model;39
100;2;8;Random;32
100;3;4;Model;45
100;4;4;Model;64
100;5;4;Model;-1000
101;1;4;Model;39
101;2;1;Random;35
101;3;4;Model;50
101;4;3;Random;53
101;5;4;Model;73
101;6;2;Random;-1000
102;1;1;Random;19
102;2;1;Random;12
102;3;4;Model;29
102;4;4;Model;46
102;5;5;Random;29
102;6;1;Random;21
102;7;4;Model;42
102;8;3;Random;47
102;9;4;Model;71
102;10;4;Model;-1000
103;1;4;Model;39
103;2;4;Model;55
103;3;4;Model;74
103;4;9;Random;-1000
104;1;4;Model;39
104;2;4;Model;55
104;3;4;Model;74
104;4;4;Model;-1000
105;1;1;Random;19
105;2;6;Random;27
105;3;4;Model;36
105;4;4;Model;50
105;5;4;Model;70
105;6;4;Model;-1000
106;1;4;Model;39
106;2;3;Random;39
106;3;4;Model;58
106;4;4;Model;76
106;5;4;Model;-1000
107;1;4;Model;39
107;2;6;Random;39
107;3;0;Random;43
107;4;4;Model;60
107;5;6;Random;59
107;6;4;Model;89
107;7;4;Random;-1000
108;1;6;Random;29
108;2;6;Random;32
108;3;2;Random;32
108;4;4;Model;46
108;5;4;Model;59
108;6;4;Model;78
108;7;4;Model;-1000
109;1;7;Random;27
109;2;2;Random;25
109;3;1;Random;23
109;4;9;Random;19
109;5;4;Model;35
109;6;4;Model;53
109;7;0;Random;58
109;8;4;Random;76
109;9;4;Model;-1000
110;1;4;Model;39
110;2;4;Model;55
110;3;8;Random;45
110;4;1;Random;41
110;5;4;Model;61
110;6;4;Model;-1000
111;1;4;Model;39
111;2;4;Model;55
111;3;9;Random;53
111;4;4;Model;73
111;5;4;Model;-1000
112;1;4;Model;39
112;2;4;Model;55
112;3;4;Model;74
112;4;4;Model;-1000
113;1;4;Model;39
113;2;5;Random;23
113;3;9;Random;19
113;4;4;Model;35
113;5;4;Model;53
113;6;9;Random;50
113;7;1;Random;48
113;8;9;Random;47
113;9;4;Model;73
113;10;5;Random;-1000
114;1;4;Random;39
114;2;4;Model;55
114;3;4;Model;74
114;4;4;Model;-1000
115;1;4;Random;39
115;2;4;Model;55
115;3;4;Model;74
115;4;4;Model;-1000
116;1;4;Model;39
116;2;5;Random;23
116;3;3;Random;24
116;4;4;Random;39
116;5;2;Random;39
116;6;4;Model;55
116;7;8;Random;45
116;8;4;Model;64
116;9;4;Model;-1000
117;1;4;Model;39
117;2;8;Random;32
117;3;4;Model;45
117;4;6;Random;46
117;5;3;Random;50
117;6;4;Model;70
117;7;4;Model;-1000
118;1;4;Model;39
118;2;4;Model;55
118;3;4;Model;74
118;4;4;Model;-1000
119;1;4;Model;39
119;2;4;Model;55
119;3;3;Random;58
119;4;4;Model;76
119;5;4;Model;-1000
120;1;4;Model;39
120;2;4;Model;55
120;3;3;Random;58
120;4;4;Model;76
120;5;3;Random;-1000
121;1;4;Random;39
121;2;4;Model;55
121;3;4;Random;74
121;4;4;Model;-1000
122;1;0;Random;25
122;2;6;Random;28
122;3;7;Random;26
122;4;4;Model;46
122;5;4;Model;67
122;6;8;Random;60
122;7;3;Random;64
122;8;8;Random;56
122;9;4;Model;75
122;10;4;Model;-1000
123;1;8;Random;23
123;2;4;Model;32
123;3;4;Model;45
123;4;6;Random;46
123;5;6;Random;56
123;6;8;Random;54
123;7;0;Random;61
123;8;7;Random;59
123;9;4;Model;78
123;10;6;Random;-1000
124;1;8;Random;23
124;2;4;Model;32
124;3;4;Model;45
124;4;4;Model;64
124;5;4;Model;-1000
125;1;8;Random;23
125;2;4;Model;32
125;3;3;Random;35
125;4;2;Random;32
125;5;4;Model;45
125;6;5;Random;32
125;7;4;Model;45
125;8;2;Random;41
125;9;4;Random;63
125;10;4;Model;-1000
126;1;4;Random;39
126;2;4;Model;55
126;3;8;Random;45
126;4;4;Model;64
126;5;6;Random;-1000
127;1;6;Random;29
127;2;5;Random;19
127;3;4;Model;29
127;4;4;Model;39
127;5;4;Model;56
127;6;4;Model;75
127;7;4;Model;-1000
128;1;4;Model;39
128;2;4;Model;55
128;3;4;Model;74
128;4;4;Model;-1000
129;1;4;Model;39
129;2;8;Random;32
129;3;4;Model;45
129;4;5;Random;32
129;5;9;Random;29
129;6;2;Random;26
129;7;8;Random;18
129;8;4;Model;33
129;9;0;Random;37
129;10;4;Model;59
129;11;4;Model;-1000
130;1;4;Model;39
130;2;4;Model;55
130;3;4;Model;74
130;4;4;Model;-1000
131;1;4;Model;39
131;2;4;Model;55
131;3;4;Model;74
131;4;4;Model;-1000
132;1;4;Model;39
132;2;0;Random;42
132;3;4;Model;61
132;4;3;Random;64
132;5;4;Model;79
132;6;4;Model;-1000
133;1;4;Model;39
133;2;4;Model;55
133;3;4;Model;74
133;4;4;Model;-1000
134;1;9;Random;19
134;2;4;Model;35
134;3;4;Model;53
134;4;4;Model;73
134;5;4;Model;-1000
135;1;9;Random;19
135;2;4;Model;35
135;3;4;Model;53
135;4;4;Model;73
135;5;4;Model;-1000
136;1;4;Model;39
136;2;4;Model;55
136;3;8;Random;45
136;4;3;Random;50
136;5;4;Model;69
136;6;7;Random;-1000
137;1;4;Model;39
137;2;1;Random;35
137;3;4;Model;50
137;4;5;Random;35
137;5;4;Model;50
137;6;0;Random;55
137;7;4;Model;74
137;8;4;Model;-1000
138;1;4;Model;39
138;2;6;Random;39
138;3;5;Random;29
138;4;4;Random;39
138;5;4;Model;56
138;6;4;Model;75
138;7;4;Model;-1000
139;1;4;Model;39
139;2;4;Model;55
139;3;4;Model;74
139;4;4;Model;-1000
140;1;5;Random;13
140;2;4;Model;23
140;3;4;Model;39
140;4;9;Random;35
140;5;4;Model;53
140;6;4;Model;73
140;7;4;Model;-1000
141;1;2;Random;27
141;2;4;Random;36
141;3;4;Model;50
141;4;4;Model;70
141;5;4;Model;-1000
142;1;4;Model;39
142;2;4;Model;55
142;3;4;Model;74
142;4;4;Model;-1000
143;1;4;Model;39
143;2;4;Model;55
143;3;4;Model;74
143;4;4;Model;-1000
144;1;4;Model;39
144;2;0;Random;42
144;3;4;Model;61
144;4;4;Model;78
144;5;4;Model;-1000
145;1;7;Random;27
145;2;4;Model;42
145;3;4;Model;64
145;4;2;Random;61
145;5;4;Model;78
145;6;1;Random;-1000
146;1;0;Random;25
146;2;4;Model;42
146;3;4;Model;61
146;4;9;Random;58
146;5;4;Random;76
146;6;4;Model;-1000
147;1;4;Model;39
147;2;4;Model;55
147;3;4;Model;74
147;4;0;Random;-1000
148;1;4;Model;39
148;2;4;Model;55
148;3;2;Random;50
148;4;4;Model;70
148;5;4;Model;-1000
149;1;7;Random;27
149;2;4;Model;42
149;3;4;Model;64
149;4;4;Model;79
149;5;4;Model;-1000
150;1;6;Random;29
150;2;9;Random;23
150;3;0;Random;25
150;4;8;Random;27
150;5;4;Model;36
150;6;7;Random;42
150;7;2;Random;39
150;8;8;Random;35
150;9;9;Random;32
150;10;4;Model;45
150;11;2;Random;41
150;12;4;Model;63
150;13;4;Model;-1000
151;1;2;Random;27
151;2;4;Model;36
151;3;4;Model;50
151;4;2;Random;46
151;5;4;Random;70
151;6;4;Model;-1000
152;1;2;Random;27
152;2;1;Random;23
152;3;4;Model;32
152;4;9;Random;29
152;5;4;Model;46
152;6;4;Model;67
152;7;4;Model;-1000
153;1;6;Random;29
153;2;4;Model;39
153;3;4;Model;56
153;4;2;Random;52
153;5;0;Random;56
153;6;4;Model;81
153;7;4;Model;-1000
154;1;5;Random;13
154;2;4;Model;23
154;3;4;Model;39
154;4;4;Model;55
154;5;5;Random;39
154;6;8;Random;32
154;7;4;Model;45
154;8;4;Model;64
154;9;4;Model;-1000
155;1;9;Random;19
155;2;4;Model;35
155;3;1;Random;29
155;4;0;Random;35
155;5;6;Random;39
155;6;2;Random;36
155;7;9;Random;35
155;8;4;Model;50
155;9;4;Model;69
155;10;4;Model;-1000
156;1;4;Model;39
156;2;4;Model;55
156;3;4;Model;74
156;4;4;Model;-1000
157;1;4;Model;39
157;2;4;Model;55
157;3;4;Model;74
157;4;8;Random;-1000
158;1;4;Model;39
158;2;4;Model;55
158;3;4;Model;74
158;4;4;Model;-1000
159;1;4;Model;39
159;2;4;Model;55
159;3;4;Model;74
159;4;8;Random;-1000
160;1;2;Random;27
160;2;1;Random;23
160;3;4;Model;32
160;4;4;Model;45
160;5;4;Model;64
160;6;0;Random;-1000
161;1;7;Random;27
161;2;3;Random;29
161;3;0;Random;30
161;4;0;Random;31
161;5;4;Model;47
161;6;4;Model;62
161;7;4;Model;89
161;8;4;Model;-1000
162;1;4;Model;39
162;2;4;Random;55
162;3;4;Model;74
162;4;9;Random;-1000
163;1;8;Random;23
163;2;4;Model;32
163;3;7;Random;39
163;4;4;Model;55
163;5;4;Model;74
163;6;4;Model;-1000
164;1;4;Random;39
164;2;4;Model;55
164;3;4;Model;74
164;4;4;Model;-1000
165;1;4;Model;39
165;2;4;Model;55
165;3;1;Random;50
165;4;5;Random;35
165;5;4;Model;50
165;6;9;Random;50
165;7;4;Model;73
165;8;9;Random;-1000
166;1;9;Random;19
166;2;5;Random;6
166;3;4;Model;19
166;4;4;Model;35
166;5;3;Random;36
166;6;3;Random;37
166;7;7;Random;43
166;8;4;Model;55
166;9;4;Model;72
166;10;4;Random;-1000
167;1;4;Random;39
167;2;4;Model;55
167;3;5;Random;39
167;4;8;Random;32
167;5;4;Model;45
167;6;4;Model;64
167;7;4;Model;-1000
168;1;4;Model;39
168;2;5;Random;23
168;3;1;Random;19
168;4;3;Random;19
168;5;4;Model;35
168;6;0;Random;39
168;7;4;Model;58
168;8;4;Model;76
168;9;4;Model;-1000
169;1;4;Model;39
169;2;4;Model;55
169;3;4;Model;74
169;4;4;Model;-1000
170;1;4;Model;39
170;2;4;Model;55
170;3;4;Model;74
170;4;8;Random;-1000
171;1;0;Random;25
171;2;7;Random;28
171;3;4;Model;46
171;4;4;Model;66
171;5;4;Random;83
171;6;4;Model;-1000
172;1;4;Model;39
172;2;4;Model;55
172;3;1;Random;50
172;4;7;Random;58
172;5;3;Random;56
172;6;4;Model;77
172;7;0;Random;-1000
173;1;4;Model;39
173;2;4;Random;55
173;3;4;Model;74
173;4;4;Model;-1000
174;1;4;Model;39
174;2;4;Model;55
174;3;4;Model;74
174;4;4;Model;-1000
175;1;4;Model;39
175;2;4;Model;55
175;3;4;Model;74
175;4;4;Model;-1000
176;1;4;Model;39
176;2;4;Model;55
176;3;2;Random;50
176;4;7;Random;61
176;5;4;Model;78
176;6;4;Model;-1000
177;1;1;Random;19
177;2;4;Model;35
177;3;8;Random;26
177;4;4;Model;41
177;5;4;Model;61
177;6;4;Model;-1000
178;1;7;Random;27
178;2;4;Model;42
178;3;4;Model;64
178;4;4;Model;79
178;5;4;Model;-1000
179;1;4;Model;39
179;2;5;Random;23
179;3;4;Model;39
179;4;8;Random;32
179;5;4;Model;45
179;6;4;Model;64
179;7;5;Random;-1000
180;1;4;Model;39
180;2;4;Model;55
180;3;4;Model;74
180;4;4;Model;-1000
181;1;3;Random;24
181;2;6;Random;25
181;3;3;Random;27
181;4;4;Model;42
181;5;4;Model;64
181;6;4;Model;79
181;7;7;Random;-1000
182;1;9;Random;19
182;2;5;Random;6
182;3;2;Random;8
182;4;4;Model;19
182;5;4;Model;35
182;6;4;Model;50
182;7;3;Random;53
182;8;4;Model;73
182;9;4;Model;-1000
183;1;4;Model;39
183;2;5;Random;23
183;3;4;Model;39
183;4;4;Model;55
183;5;3;Random;58
183;6;9;Random;52
183;7;4;Random;76
183;8;4;Model;-1000
184;1;4;Model;39
184;2;4;Model;55
184;3;4;Model;74
184;4;8;Random;-1000
185;1;0;Random;25
185;2;4;Model;42
185;3;8;Random;36
185;4;4;Model;50
185;5;0;Random;56
185;6;3;Random;61
185;7;4;Model;78
185;8;4;Model;-1000
186;1;8;Random;23
186;2;4;Model;32
186;3;0;Random;36
186;4;1;Random;32
186;5;4;Model;45
186;6;4;Model;64
186;7;0;Random;-1000
187;1;4;Model;39
187;2;8;Random;32
187;3;4;Model;45
187;4;4;Model;64
187;5;9;Random;-1000
188;1;1;Random;19
188;2;4;Model;35
188;3;4;Random;50
188;4;4;Model;69
188;5;4;Model;-1000
189;1;4;Model;39
189;2;4;Model;55
189;3;4;Model;74
189;4;4;Model;-1000
190;1;4;Model;39
190;2;4;Model;55
190;3;4;Model;74
190;4;0;Random;-1000
191;1;4;Model;39
191;2;4;Model;55
191;3;4;Random;74
191;4;4;Model;-1000
192;1;4;Model;39
192;2;4;Model;55
192;3;4;Model;74
192;4;4;Model;-1000
193;1;4;Model;39
193;2;4;Model;55
193;3;4;Model;74
193;4;4;Model;-1000
194;1;2;Random;27
194;2;4;Model;36
194;3;4;Model;50
194;4;0;Random;56
194;5;4;Model;75
194;6;4;Model;-1000
195;1;6;Random;29
195;2;6;Random;32
195;3;2;Random;32
195;4;4;Model;46
195;5;5;Random;32
195;6;4;Model;46
195;7;4;Model;59
195;8;4;Model;78
195;9;4;Model;-1000
196;1;7;Random;27
196;2;6;Random;25
196;3;4;Model;46
196;4;4;Model;64
196;5;3;Random;66
196;6;4;Model;83
196;7;4;Model;-1000
197;1;4;Model;39
197;2;4;Random;55
197;3;7;Random;64
197;4;4;Model;79
197;5;4;Model;-1000
198;1;9;Random;19
198;2;4;Model;35
198;3;0;Random;39
198;4;4;Model;58
198;5;4;Model;76
198;6;4;Random;-1000
199;1;6;Random;29
199;2;4;Model;39
199;3;1;Random;36
199;4;4;Model;50
199;5;6;Random;52
199;6;2;Random;56
199;7;4;Model;73
199;8;4;Model;-1000
